{
    "4": {
        "position_m": {
            "x": 0.028954410877367637,
            "y": 0.19952933465610487,
            "z": 0.3972083924715255
        },
        "rotation_quat": {
            "x": 0.7329158687298408,
            "y": 0.003174046474268883,
            "z": -0.0013391068046013344,
            "w": -0.6803105626005876
        },
        "corners_pixel": [
            [
                1251.870849609375,
                892.7660522460938
            ],
            [
                1344.3111572265625,
                892.8370361328125
            ],
            [
                1398.511474609375,
                937.4688720703125
            ],
            [
                1292.2333984375,
                936.4794311523438
            ]
        ]
    },
    "7": {
        "position_m": {
            "x": 0.028954410877367637,
            "y": 0.19952933465610487,
            "z": 0.3972083924715255
        },
        "rotation_quat": {
            "x": 0.7329158687298408,
            "y": 0.003174046474268883,
            "z": -0.0013391068046013344,
            "w": -0.6803105626005876
        },
        "corners_pixel": [
            [
                1064.3123779296875,
                890.5805053710938
            ],
            [
                1156.7330322265625,
                891.1620483398438
            ],
            [
                1184.360595703125,
                934.782470703125
            ],
            [
                1078.8707275390625,
                934.33154296875
            ]
        ]
    },
    "3": {
        "position_m": {
            "x": 0.028954410877367637,
            "y": 0.19952933465610487,
            "z": 0.3972083924715255
        },
        "rotation_quat": {
            "x": 0.7329158687298408,
            "y": 0.003174046474268883,
            "z": -0.0013391068046013344,
            "w": -0.6803105626005876
        },
        "corners_pixel": [
            [
                1101.227294921875,
                995.2778930664062
            ],
            [
                1224.3321533203125,
                995.3804931640625
            ],
            [
                1275.779541015625,
                1078.5582275390625
            ],
            [
                1128.354248046875,
                1077.483642578125
            ]
        ]
    },
    "8": {
        "position_m": {
            "x": 0.028954410877367637,
            "y": 0.19952933465610487,
            "z": 0.3972083924715255
        },
        "rotation_quat": {
            "x": 0.7329158687298408,
            "y": 0.003174046474268883,
            "z": -0.0013391068046013344,
            "w": -0.6803105626005876
        },
        "corners_pixel": [
            [
                832.0494384765625,
                890.5103149414062
            ],
            [
                924.4697875976562,
                892.4259033203125
            ],
            [
                919.5430297851562,
                935.9926147460938
            ],
            [
                813.9547119140625,
                935.5728149414062
            ]
        ]
    },
    "5": {
        "position_m": {
            "x": 0.028954410877367637,
            "y": 0.19952933465610487,
            "z": 0.3972083924715255
        },
        "rotation_quat": {
            "x": 0.7329158687298408,
            "y": 0.003174046474268883,
            "z": -0.0013391068046013344,
            "w": -0.6803105626005876
        },
        "corners_pixel": [
            [
                857.2640380859375,
                828.1065673828125
            ],
            [
                930.0,
                828.0
            ],
            [
                928.2821044921875,
                855.4529418945312
            ],
            [
                846.0289916992188,
                855.6318969726562
            ]
        ]
    }
}