{
    "4": {
        "position_m": {
            "x": 0.08881125970307645,
            "y": 0.15400914497949555,
            "z": 0.368390007529742
        },
        "rotation_quat": {
            "x": 0.5219133663818333,
            "y": -0.5168111653604014,
            "z": -0.4806926155667608,
            "w": -0.4790065413858066
        },
        "corners_pixel": [
            [
                1133.662841796875,
                858.7984008789062
            ],
            [
                1154.4046630859375,
                909.8427734375
            ],
            [
                1015.86474609375,
                909.5518188476562
            ],
            [
                1016.3087768554688,
                857.60009765625
            ]
        ]
    },
    "1": {
        "position_m": {
            "x": 0.08881125970307645,
            "y": 0.15400914497949555,
            "z": 0.368390007529742
        },
        "rotation_quat": {
            "x": 0.5219133663818333,
            "y": -0.5168111653604014,
            "z": -0.4806926155667608,
            "w": -0.4790065413858066
        },
        "corners_pixel": [
            [
                1605.80859375,
                860.9241333007812
            ],
            [
                1708.4014892578125,
                912.9613647460938
            ],
            [
                1570.540771484375,
                911.7781982421875
            ],
            [
                1489.160888671875,
                859.0501098632812
            ]
        ]
    },
    "3": {
        "position_m": {
            "x": 0.08881125970307645,
            "y": 0.15400914497949555,
            "z": 0.368390007529742
        },
        "rotation_quat": {
            "x": 0.5219133663818333,
            "y": -0.5168111653604014,
            "z": -0.4806926155667608,
            "w": -0.4790065413858066
        },
        "corners_pixel": [
            [
                929.7155151367188,
                791.3218383789062
            ],
            [
                917.2448120117188,
                819.5967407226562
            ],
            [
                815.227783203125,
                819.8411865234375
            ],
            [
                839.0,
                791.0
            ]
        ]
    },
    "2": {
        "position_m": {
            "x": 0.08881125970307645,
            "y": 0.15400914497949555,
            "z": 0.368390007529742
        },
        "rotation_quat": {
            "x": 0.5219133663818333,
            "y": -0.5168111653604014,
            "z": -0.4806926155667608,
            "w": -0.4790065413858066
        },
        "corners_pixel": [
            [
                1371.2884521484375,
                859.9812622070312
            ],
            [
                1433.49365234375,
                911.7150268554688
            ],
            [
                1295.2974853515625,
                911.449951171875
            ],
            [
                1254.2027587890625,
                859.5348510742188
            ]
        ]
    },
    "7": {
        "position_m": {
            "x": 0.08881125970307645,
            "y": 0.15400914497949555,
            "z": 0.368390007529742
        },
        "rotation_quat": {
            "x": 0.5219133663818333,
            "y": -0.5168111653604014,
            "z": -0.4806926155667608,
            "w": -0.4790065413858066
        },
        "corners_pixel": [
            [
                1109.0,
                790.0
            ],
            [
                1121.3673095703125,
                819.1554565429688
            ],
            [
                1019.6546630859375,
                818.673583984375
            ],
            [
                1019.7024536132812,
                790.1248779296875
            ]
        ]
    }
}