{
    "1": {
        "position_m": {
            "x": 0.08879793027146689,
            "y": 0.15402971977551572,
            "z": 0.36836148554250003
        },
        "rotation_quat": {
            "x": 0.5219074383173964,
            "y": -0.5170489795681037,
            "z": -0.48056688160123817,
            "w": -0.4788825021491362
        },
        "corners_pixel": [
            [
                1606.202392578125,
                861.1271362304688
            ],
            [
                1708.6859130859375,
                913.140625
            ],
            [
                1570.5576171875,
                911.8111572265625
            ],
            [
                1489.186767578125,
                859.1780395507812
            ]
        ]
    },
    "2": {
        "position_m": {
            "x": 0.08879793027146689,
            "y": 0.15402971977551572,
            "z": 0.36836148554250003
        },
        "rotation_quat": {
            "x": 0.5219074383173964,
            "y": -0.5170489795681037,
            "z": -0.48056688160123817,
            "w": -0.4788825021491362
        },
        "corners_pixel": [
            [
                1371.0308837890625,
                859.9364624023438
            ],
            [
                1433.337646484375,
                911.6461791992188
            ],
            [
                1295.3575439453125,
                911.510009765625
            ],
            [
                1254.2005615234375,
                859.5601196289062
            ]
        ]
    },
    "3": {
        "position_m": {
            "x": 0.08879793027146689,
            "y": 0.15402971977551572,
            "z": 0.36836148554250003
        },
        "rotation_quat": {
            "x": 0.5219074383173964,
            "y": -0.5170489795681037,
            "z": -0.48056688160123817,
            "w": -0.4788825021491362
        },
        "corners_pixel": [
            [
                929.66650390625,
                791.3023071289062
            ],
            [
                917.3556518554688,
                819.4762573242188
            ],
            [
                815.2061157226562,
                819.7918701171875
            ],
            [
                839.4736938476562,
                790.1732177734375
            ]
        ]
    },
    "4": {
        "position_m": {
            "x": 0.08879793027146689,
            "y": 0.15402971977551572,
            "z": 0.36836148554250003
        },
        "rotation_quat": {
            "x": 0.5219074383173964,
            "y": -0.5170489795681037,
            "z": -0.48056688160123817,
            "w": -0.4788825021491362
        },
        "corners_pixel": [
            [
                1133.716064453125,
                859.0011596679688
            ],
            [
                1154.2191162109375,
                909.8810424804688
            ],
            [
                1016.0409545898438,
                909.7094116210938
            ],
            [
                1016.279296875,
                857.6005249023438
            ]
        ]
    },
    "7": {
        "position_m": {
            "x": 0.08879793027146689,
            "y": 0.15402971977551572,
            "z": 0.36836148554250003
        },
        "rotation_quat": {
            "x": 0.5219074383173964,
            "y": -0.5170489795681037,
            "z": -0.48056688160123817,
            "w": -0.4788825021491362
        },
        "corners_pixel": [
            [
                1109.781982421875,
                790.035400390625
            ],
            [
                1121.40625,
                819.1151123046875
            ],
            [
                1019.5664672851562,
                818.6665649414062
            ],
            [
                1019.8734741210938,
                789.3075561523438
            ]
        ]
    }
}