{
    "2": {
        "position_m": {
            "x": 0.07823079436634238,
            "y": -0.4440634101092159,
            "z": 0.8142200779793709
        },
        "rotation_quat": {
            "x": 0.009009517554026208,
            "y": 0.0036305297170342527,
            "z": -0.0035656855199302953,
            "w": -0.9999464654341204
        },
        "corners_pixel": [
            [
                1084.62841796875,
                171.63909912109375
            ],
            [
                1129.697509765625,
                172.1315460205078
            ],
            [
                1129.2537841796875,
                216.87840270996094
            ],
            [
                1084.4600830078125,
                215.8650360107422
            ]
        ]
    },
    "1": {
        "position_m": {
            "x": 0.07823079436634238,
            "y": -0.4440634101092159,
            "z": 0.8142200779793709
        },
        "rotation_quat": {
            "x": 0.009009517554026208,
            "y": 0.0036305297170342527,
            "z": -0.0035656855199302953,
            "w": -0.9999464654341204
        },
        "corners_pixel": [
            [
                1084.6263427734375,
                81.7601547241211
            ],
            [
                1129.7568359375,
                82.45590209960938
            ],
            [
                1129.4368896484375,
                126.65748596191406
            ],
            [
                1084.5797119140625,
                126.07086181640625
            ]
        ]
    },
    "6": {
        "position_m": {
            "x": 0.07823079436634238,
            "y": -0.4440634101092159,
            "z": 0.8142200779793709
        },
        "rotation_quat": {
            "x": 0.009009517554026208,
            "y": 0.0036305297170342527,
            "z": -0.0035656855199302953,
            "w": -0.9999464654341204
        },
        "corners_pixel": [
            [
                880.412109375,
                79.57029724121094
            ],
            [
                925.5530395507812,
                79.73950958251953
            ],
            [
                925.2293701171875,
                124.5755615234375
            ],
            [
                880.3180541992188,
                124.26302337646484
            ]
        ]
    },
    "4": {
        "position_m": {
            "x": 0.07823079436634238,
            "y": -0.4440634101092159,
            "z": 0.8142200779793709
        },
        "rotation_quat": {
            "x": 0.009009517554026208,
            "y": 0.0036305297170342527,
            "z": -0.0035656855199302953,
            "w": -0.9999464654341204
        },
        "corners_pixel": [
            [
                1083.4652099609375,
                262.5646667480469
            ],
            [
                1128.6783447265625,
                263.0516357421875
            ],
            [
                1128.396240234375,
                307.6144714355469
            ],
            [
                1083.505859375,
                307.3353576660156
            ]
        ]
    }
}