{
    "2": {
        "position_m": {
            "x": 0.078236147733427,
            "y": -0.4439803666099405,
            "z": 0.8141549438344186
        },
        "rotation_quat": {
            "x": 0.009424038595837148,
            "y": 0.0034816695362949227,
            "z": -0.0037026630456496214,
            "w": -0.9999426762370704
        },
        "corners_pixel": [
            [
                1084.5836181640625,
                171.58432006835938
            ],
            [
                1129.608642578125,
                172.21031188964844
            ],
            [
                1129.1070556640625,
                216.87698364257812
            ],
            [
                1084.4801025390625,
                215.92539978027344
            ]
        ]
    },
    "1": {
        "position_m": {
            "x": 0.078236147733427,
            "y": -0.4439803666099405,
            "z": 0.8141549438344186
        },
        "rotation_quat": {
            "x": 0.009424038595837148,
            "y": 0.0034816695362949227,
            "z": -0.0037026630456496214,
            "w": -0.9999426762370704
        },
        "corners_pixel": [
            [
                1084.5057373046875,
                81.78592681884766
            ],
            [
                1129.5167236328125,
                82.53298950195312
            ],
            [
                1129.283203125,
                126.69690704345703
            ],
            [
                1084.430908203125,
                125.92174530029297
            ]
        ]
    },
    "6": {
        "position_m": {
            "x": 0.078236147733427,
            "y": -0.4439803666099405,
            "z": 0.8141549438344186
        },
        "rotation_quat": {
            "x": 0.009424038595837148,
            "y": 0.0034816695362949227,
            "z": -0.0037026630456496214,
            "w": -0.9999426762370704
        },
        "corners_pixel": [
            [
                880.3504028320312,
                79.73407745361328
            ],
            [
                925.3634643554688,
                79.7742691040039
            ],
            [
                925.069091796875,
                124.5810546875
            ],
            [
                880.347900390625,
                124.28511047363281
            ]
        ]
    },
    "4": {
        "position_m": {
            "x": 0.078236147733427,
            "y": -0.4439803666099405,
            "z": 0.8141549438344186
        },
        "rotation_quat": {
            "x": 0.009424038595837148,
            "y": 0.0034816695362949227,
            "z": -0.0037026630456496214,
            "w": -0.9999426762370704
        },
        "corners_pixel": [
            [
                1083.542236328125,
                262.7073974609375
            ],
            [
                1128.457275390625,
                263.05572509765625
            ],
            [
                1128.460205078125,
                307.5887756347656
            ],
            [
                1083.6177978515625,
                307.6285095214844
            ]
        ]
    }
}