{
    "4": {
        "position_m": {
            "x": 0.14591742515361242,
            "y": 0.14730276842137502,
            "z": 0.3864819860644865
        },
        "rotation_quat": {
            "x": -0.6944797272290604,
            "y": -0.010105821403006759,
            "z": 0.006028479253221449,
            "w": 0.7194160397708087
        },
        "corners_pixel": [
            [
                1252.0367431640625,
                892.72119140625
            ],
            [
                1344.43798828125,
                892.7853393554688
            ],
            [
                1398.5098876953125,
                937.3373413085938
            ],
            [
                1292.0906982421875,
                936.325439453125
            ]
        ]
    },
    "7": {
        "position_m": {
            "x": 0.04825832806741242,
            "y": 0.14940448756885,
            "z": 0.3957167461253145
        },
        "rotation_quat": {
            "x": -0.6935759119951644,
            "y": -0.011512283214457877,
            "z": -9.524831128401005e-05,
            "w": 0.7202915469190412
        },
        "corners_pixel": [
            [
                1064.3701171875,
                890.5033569335938
            ],
            [
                1156.73583984375,
                891.099853515625
            ],
            [
                1184.3863525390625,
                934.739501953125
            ],
            [
                1078.91162109375,
                934.2837524414062
            ]
        ]
    },
    "3": {
        "position_m": {
            "x": 0.05053987474053147,
            "y": 0.15266907937431268,
            "z": 0.29314529634909775
        },
        "rotation_quat": {
            "x": -0.6895165952559279,
            "y": -0.015898049704388743,
            "z": 0.004164785537928914,
            "w": 0.7240834008894921
        },
        "corners_pixel": [
            [
                1101.2640380859375,
                995.1731567382812
            ],
            [
                1224.3819580078125,
                995.250244140625
            ],
            [
                1276.06591796875,
                1078.5517578125
            ],
            [
                1128.556396484375,
                1077.5048828125
            ]
        ]
    },
    "2": {
        "position_m": {
            "x": 0.14706774871727468,
            "y": 0.14426114745419188,
            "z": 0.49161883076707774
        },
        "rotation_quat": {
            "x": -0.6895945550774346,
            "y": -0.005365335256743634,
            "z": 0.0026609259680111584,
            "w": 0.7241708929928974
        },
        "corners_pixel": [
            [
                1194.42529296875,
                828.7653198242188
            ],
            [
                1269.1522216796875,
                828.72998046875
            ],
            [
                1301.7069091796875,
                857.2418823242188
            ],
            [
                1219.8272705078125,
                856.5787963867188
            ]
        ]
    },
    "8": {
        "position_m": {
            "x": -0.07711111127656167,
            "y": 0.15060537252163608,
            "z": 0.3978132815581047
        },
        "rotation_quat": {
            "x": -0.6911808164077775,
            "y": -0.013372861180781216,
            "z": -0.0012568686651035072,
            "w": 0.722557032970323
        },
        "corners_pixel": [
            [
                832.13134765625,
                890.6189575195312
            ],
            [
                924.5630493164062,
                892.4961547851562
            ],
            [
                919.6179809570312,
                936.0200805664062
            ],
            [
                813.9910278320312,
                935.67138671875
            ]
        ]
    },
    "5": {
        "position_m": {
            "x": -0.07997478165617769,
            "y": 0.14650582300279266,
            "z": 0.5005305029464291
        },
        "rotation_quat": {
            "x": -0.6908288504157662,
            "y": -0.012895971742526317,
            "z": -0.00847413250755291,
            "w": 0.7228536383143487
        },
        "corners_pixel": [
            [
                857.234619140625,
                828.19140625
            ],
            [
                930.3333129882812,
                828.0
            ],
            [
                928.4188842773438,
                855.421875
            ],
            [
                846.25146484375,
                855.6376953125
            ]
        ]
    },
    "6": {
        "position_m": {
            "x": -0.08165655139898835,
            "y": 0.13989248656759617,
            "z": 0.6041319728402554
        },
        "rotation_quat": {
            "x": -0.670972915116292,
            "y": -0.009231188619493484,
            "z": -0.0087517702203005,
            "w": 0.7413727394873835
        },
        "corners_pixel": [
            [
                875.4581909179688,
                783.6671752929688
            ],
            [
                935.6121215820312,
                782.4788208007812
            ],
            [
                934.66064453125,
                805.0801391601562
            ],
            [
                867.4591674804688,
                804.7391967773438
            ]
        ]
    }
}