{
    "4": {
        "position_m": {
            "x": 0.15899999332085357,
            "y": 0.16620671050102537,
            "z": 0.38856551162219716
        },
        "rotation_quat": {
            "x": -0.7087727656573841,
            "y": 0.0012248149931236272,
            "z": 0.013380838140721059,
            "w": 0.7053088824488654
        },
        "corners_pixel": [
            [
                1252.0657958984375,
                892.7630004882812
            ],
            [
                1344.425048828125,
                892.94970703125
            ],
            [
                1398.5411376953125,
                937.4384765625
            ],
            [
                1291.8642578125,
                936.2488403320312
            ]
        ]
    },
    "3": {
        "position_m": {
            "x": 0.059994989279488084,
            "y": 0.16736048981713553,
            "z": 0.2946708730969914
        },
        "rotation_quat": {
            "x": -0.7037137082950811,
            "y": -0.0008761708732876665,
            "z": 0.009685652287117024,
            "w": 0.7104170868032099
        },
        "corners_pixel": [
            [
                1101.2763671875,
                995.2228393554688
            ],
            [
                1224.4344482421875,
                995.33740234375
            ],
            [
                1275.8931884765625,
                1078.4805908203125
            ],
            [
                1128.4013671875,
                1077.3453369140625
            ]
        ]
    },
    "7": {
        "position_m": {
            "x": 0.0607515142841462,
            "y": 0.16841865389979752,
            "z": 0.39783003213427526
        },
        "rotation_quat": {
            "x": -0.7083945704492696,
            "y": 0.002048555002687133,
            "z": 0.006694589208851855,
            "w": 0.7057819198985765
        },
        "corners_pixel": [
            [
                1064.4088134765625,
                890.4963989257812
            ],
            [
                1156.73388671875,
                891.0864868164062
            ],
            [
                1184.3558349609375,
                934.7372436523438
            ],
            [
                1079.00048828125,
                934.1709594726562
            ]
        ]
    },
    "8": {
        "position_m": {
            "x": -0.06492096540015087,
            "y": 0.1684277348841525,
            "z": 0.39704762831894547
        },
        "rotation_quat": {
            "x": -0.7074917240512127,
            "y": 0.001854969342496337,
            "z": 0.0047548447143045515,
            "w": 0.7067031986198477
        },
        "corners_pixel": [
            [
                832.1432495117188,
                890.5696411132812
            ],
            [
                924.5076293945312,
                892.521240234375
            ],
            [
                919.625,
                936.0006713867188
            ],
            [
                813.9746704101562,
                935.6616821289062
            ]
        ]
    },
    "1": {
        "position_m": {
            "x": 0.16290159265720455,
            "y": 0.1639977815418873,
            "z": 0.5909725829952671
        },
        "rotation_quat": {
            "x": -0.7059396269498989,
            "y": 0.005725406324708313,
            "z": 0.03745790322165546,
            "w": 0.7072576392733357
        },
        "corners_pixel": [
            [
                1156.0382080078125,
                782.7980346679688
            ],
            [
                1217.0,
                788.0
            ],
            [
                1239.1363525390625,
                805.51171875
            ],
            [
                1168.4864501953125,
                803.08349609375
            ]
        ]
    },
    "5": {
        "position_m": {
            "x": -0.06428973934535248,
            "y": 0.16838622031877284,
            "z": 0.4979197972599746
        },
        "rotation_quat": {
            "x": -0.7086307725101837,
            "y": 0.002786436885302626,
            "z": -0.00037048170930111234,
            "w": 0.7055738988684371
        },
        "corners_pixel": [
            [
                857.2526245117188,
                828.1996459960938
            ],
            [
                931.0,
                828.3333129882812
            ],
            [
                928.4902954101562,
                855.302978515625
            ],
            [
                846.3043823242188,
                855.712646484375
            ]
        ]
    },
    "6": {
        "position_m": {
            "x": -0.06336817561751278,
            "y": 0.16720186452859134,
            "z": 0.6043843153840583
        },
        "rotation_quat": {
            "x": -0.6882348506901623,
            "y": 0.003756865325045915,
            "z": -0.0013079555784552485,
            "w": 0.7254770606370847
        },
        "corners_pixel": [
            [
                875.464111328125,
                783.6318969726562
            ],
            [
                935.4011840820312,
                782.5537719726562
            ],
            [
                934.64111328125,
                805.02001953125
            ],
            [
                867.423828125,
                804.6718139648438
            ]
        ]
    }
}