{
    "3": {
        "position_m": {
            "x": 0.1720364811588738,
            "y": 0.10086571426048914,
            "z": 0.34983136068428566
        },
        "rotation_quat": {
            "x": -0.49159322710104636,
            "y": -0.48778075080740435,
            "z": -0.5040059683258653,
            "w": 0.5161240375162262
        },
        "corners_pixel": [
            [
                1325.8402099609375,
                814.1196899414062
            ],
            [
                1283.2767333984375,
                784.5103149414062
            ],
            [
                1374.1585693359375,
                784.78662109375
            ],
            [
                1429.6124267578125,
                814.5100708007812
            ]
        ]
    },
    "6": {
        "position_m": {
            "x": -0.12489726624199488,
            "y": 0.10353142662006588,
            "z": 0.22678000381861146
        },
        "rotation_quat": {
            "x": -0.49790295441689086,
            "y": -0.48642624652293975,
            "z": -0.5081920829264054,
            "w": 0.5071715306752315
        },
        "corners_pixel": [
            [
                562.6619262695312,
                936.2283325195312
            ],
            [
                635.2413940429688,
                872.3905639648438
            ],
            [
                766.2177734375,
                873.4470825195312
            ],
            [
                721.8517456054688,
                936.146728515625
            ]
        ]
    },
    "8": {
        "position_m": {
            "x": 0.07349983350199106,
            "y": 0.10330855484997087,
            "z": 0.22548288631869864
        },
        "rotation_quat": {
            "x": -0.4914899357131279,
            "y": -0.49887834237805045,
            "z": -0.4976259011884176,
            "w": 0.5117875585291707
        },
        "corners_pixel": [
            [
                1204.224609375,
                938.2111206054688
            ],
            [
                1162.5262451171875,
                877.1489868164062
            ],
            [
                1294.943359375,
                877.4032592773438
            ],
            [
                1365.1497802734375,
                941.5388793945312
            ]
        ]
    },
    "5": {
        "position_m": {
            "x": -0.025813403854088493,
            "y": 0.1045589445109207,
            "z": 0.22969779863506287
        },
        "rotation_quat": {
            "x": -0.4905893861001385,
            "y": -0.4938654904342315,
            "z": -0.5067697702397357,
            "w": 0.5085305611024874
        },
        "corners_pixel": [
            [
                882.0846557617188,
                937.814208984375
            ],
            [
                896.7644653320312,
                873.958740234375
            ],
            [
                1028.38037109375,
                874.8146362304688
            ],
            [
                1042.4625244140625,
                938.2483520507812
            ]
        ]
    },
    "7": {
        "position_m": {
            "x": 0.07432542840668754,
            "y": 0.10139313641180021,
            "z": 0.35532421575628725
        },
        "rotation_quat": {
            "x": -0.49747550230139864,
            "y": -0.4856351137118159,
            "z": -0.5048188423781108,
            "w": 0.5116977597372367
        },
        "corners_pixel": [
            [
                1119.5120849609375,
                812.5377807617188
            ],
            [
                1101.4727783203125,
                784.4868774414062
            ],
            [
                1193.6549072265625,
                783.4082641601562
            ],
            [
                1222.9493408203125,
                813.1415405273438
            ]
        ]
    },
    "4": {
        "position_m": {
            "x": 0.07822472339528008,
            "y": 0.09956006923125914,
            "z": 0.46285093130751365
        },
        "rotation_quat": {
            "x": -0.47821262858241387,
            "y": -0.48517919098621926,
            "z": -0.5170150016844032,
            "w": 0.5182753346740829
        },
        "corners_pixel": [
            [
                1089.10009765625,
                761.4736328125
            ],
            [
                1077.7646484375,
                740.3540649414062
            ],
            [
                1148.2730712890625,
                741.346923828125
            ],
            [
                1169.6051025390625,
                761.4236450195312
            ]
        ]
    }
}