{
    "3": {
        "position_m": {
            "x": 0.16684267236287548,
            "y": 0.10346724970159552,
            "z": 0.3500549551526606
        },
        "rotation_quat": {
            "x": -0.49132749151295063,
            "y": -0.4929241086128402,
            "z": -0.503249762722538,
            "w": 0.5122136229655917
        },
        "corners_pixel": [
            [
                1326.0428466796875,
                814.2744140625
            ],
            [
                1283.3780517578125,
                784.5665893554688
            ],
            [
                1374.8880615234375,
                784.984130859375
            ],
            [
                1429.6519775390625,
                814.536376953125
            ]
        ]
    },
    "8": {
        "position_m": {
            "x": 0.07040736451096902,
            "y": 0.10480995154464429,
            "z": 0.22568294328719257
        },
        "rotation_quat": {
            "x": -0.4890620948650092,
            "y": -0.5055297641566763,
            "z": -0.4974633908423013,
            "w": 0.5077283719565255
        },
        "corners_pixel": [
            [
                1204.1751708984375,
                938.23828125
            ],
            [
                1162.6259765625,
                877.2334594726562
            ],
            [
                1294.71435546875,
                877.4207153320312
            ],
            [
                1365.209228515625,
                941.6005249023438
            ]
        ]
    },
    "6": {
        "position_m": {
            "x": -0.1279226098264833,
            "y": 0.10579051124377627,
            "z": 0.2282229079259944
        },
        "rotation_quat": {
            "x": -0.4964648292976016,
            "y": -0.4905817781305236,
            "z": -0.5083707223288711,
            "w": 0.5043921102828817
        },
        "corners_pixel": [
            [
                562.660888671875,
                936.3046875
            ],
            [
                635.0800170898438,
                872.5386352539062
            ],
            [
                766.266357421875,
                873.5281372070312
            ],
            [
                721.7534790039062,
                936.3396606445312
            ]
        ]
    },
    "5": {
        "position_m": {
            "x": -0.028569654794064273,
            "y": 0.10649289997711582,
            "z": 0.23070936384542365
        },
        "rotation_quat": {
            "x": -0.4882565117652424,
            "y": -0.49982952560750915,
            "z": -0.5068260620867008,
            "w": 0.5048795567652723
        },
        "corners_pixel": [
            [
                882.056884765625,
                937.8466186523438
            ],
            [
                896.7247924804688,
                874.0524291992188
            ],
            [
                1028.42724609375,
                874.8792114257812
            ],
            [
                1042.507568359375,
                938.226318359375
            ]
        ]
    },
    "7": {
        "position_m": {
            "x": 0.0702439751483726,
            "y": 0.10444289828981346,
            "z": 0.35762271359616193
        },
        "rotation_quat": {
            "x": -0.4923104359679067,
            "y": -0.4988563294650712,
            "z": -0.5032994986877775,
            "w": 0.5054328954573077
        },
        "corners_pixel": [
            [
                1119.4920654296875,
                812.5805053710938
            ],
            [
                1101.478759765625,
                784.5060424804688
            ],
            [
                1192.0,
                785.0
            ],
            [
                1222.9459228515625,
                813.1044311523438
            ]
        ]
    },
    "4": {
        "position_m": {
            "x": 0.07259762589887032,
            "y": 0.10359941155156883,
            "z": 0.46507128702998185
        },
        "rotation_quat": {
            "x": -0.47678015253297024,
            "y": -0.4916111709844456,
            "z": -0.5174040579988154,
            "w": 0.5131200478253585
        },
        "corners_pixel": [
            [
                1089.1602783203125,
                761.5270385742188
            ],
            [
                1077.85986328125,
                740.4974975585938
            ],
            [
                1148.1593017578125,
                741.452880859375
            ],
            [
                1169.5927734375,
                761.3842163085938
            ]
        ]
    }
}