{
    "1": {
        "position_m": {
            "x": 0.26445768902343186,
            "y": 0.10702458616257995,
            "z": 0.2995585553399937
        },
        "rotation_quat": {
            "x": -0.47322554484344453,
            "y": 0.5021070982325618,
            "z": 0.535327349406266,
            "w": 0.4872070141015655
        },
        "corners_pixel": [
            [
                1606.27734375,
                861.1689453125
            ],
            [
                1708.5531005859375,
                912.930908203125
            ],
            [
                1570.4215087890625,
                911.8346557617188
            ],
            [
                1489.29052734375,
                859.1975708007812
            ]
        ]
    },
    "2": {
        "position_m": {
            "x": 0.17214501254369005,
            "y": 0.1103378478056644,
            "z": 0.3173631823976938
        },
        "rotation_quat": {
            "x": -0.46844166256034814,
            "y": 0.5087880071889318,
            "z": 0.5246714036109721,
            "w": 0.49640416069096827
        },
        "corners_pixel": [
            [
                1371.0968017578125,
                859.9552612304688
            ],
            [
                1433.4578857421875,
                911.6826171875
            ],
            [
                1295.4256591796875,
                911.521728515625
            ],
            [
                1254.2540283203125,
                859.556640625
            ]
        ]
    },
    "3": {
        "position_m": {
            "x": -0.023872003636792666,
            "y": 0.10223550523434213,
            "z": 0.4061556176859662
        },
        "rotation_quat": {
            "x": -0.4734083976693864,
            "y": 0.5124695142536158,
            "z": 0.5172511234511601,
            "w": 0.4956922041602833
        },
        "corners_pixel": [
            [
                929.6860961914062,
                791.28173828125
            ],
            [
                917.2804565429688,
                819.5808715820312
            ],
            [
                815.2605590820312,
                819.8650512695312
            ],
            [
                839.8245239257812,
                790.7244262695312
            ]
        ]
    },
    "4": {
        "position_m": {
            "x": 0.06864469626487595,
            "y": 0.10859117951474431,
            "z": 0.3163209157152103
        },
        "rotation_quat": {
            "x": -0.4707634345080736,
            "y": 0.5116686283294217,
            "z": 0.5193203426954495,
            "w": 0.49687361086732273
        },
        "corners_pixel": [
            [
                1133.6278076171875,
                858.833251953125
            ],
            [
                1154.2742919921875,
                909.7835083007812
            ],
            [
                1015.994140625,
                909.6609497070312
            ],
            [
                1016.288330078125,
                857.5623168945312
            ]
        ]
    },
    "7": {
        "position_m": {
            "x": 0.07629599535927875,
            "y": 0.10340307601103778,
            "z": 0.41281145676268005
        },
        "rotation_quat": {
            "x": -0.46979908439864465,
            "y": 0.5107246941707081,
            "z": 0.5228592186432683,
            "w": 0.49504277041704464
        },
        "corners_pixel": [
            [
                1109.8785400390625,
                790.2146606445312
            ],
            [
                1121.39111328125,
                819.0792846679688
            ],
            [
                1019.6035766601562,
                818.6536254882812
            ],
            [
                1019.906982421875,
                789.4280395507812
            ]
        ]
    },
    "8": {
        "position_m": {
            "x": 0.08354724179536799,
            "y": 0.09598696250856219,
            "z": 0.5380491309257935
        },
        "rotation_quat": {
            "x": -0.45332491429253235,
            "y": 0.4969958391613071,
            "z": 0.537616841901161,
            "w": 0.5083894070909015
        },
        "corners_pixel": [
            [
                1087.5794677734375,
                736.4417114257812
            ],
            [
                1094.44921875,
                757.8057250976562
            ],
            [
                1018.015380859375,
                756.8408203125
            ],
            [
                1019.4503784179688,
                737.0460815429688
            ]
        ]
    }
}