{
    "4": {
        "position_m": {
            "x": 0.06962720138145034,
            "y": 0.103986043157098,
            "z": 0.31628683907999783
        },
        "rotation_quat": {
            "x": -0.46626293703688043,
            "y": 0.5085969562916347,
            "z": 0.5237169656493276,
            "w": 0.49964842588332853
        },
        "corners_pixel": [
            [
                1133.7325439453125,
                858.84814453125
            ],
            [
                1154.4046630859375,
                909.9714965820312
            ],
            [
                1016.021484375,
                909.6376342773438
            ],
            [
                1016.3207397460938,
                857.591552734375
            ]
        ]
    },
    "1": {
        "position_m": {
            "x": 0.26514375222613873,
            "y": 0.10240398677321695,
            "z": 0.2992535935927499
        },
        "rotation_quat": {
            "x": -0.46950679756327107,
            "y": 0.4990003627886001,
            "z": 0.5382953395470583,
            "w": 0.4907139007615783
        },
        "corners_pixel": [
            [
                1605.9256591796875,
                860.9566040039062
            ],
            [
                1708.8297119140625,
                912.8557739257812
            ],
            [
                1570.4697265625,
                911.7034301757812
            ],
            [
                1489.2490234375,
                859.1535034179688
            ]
        ]
    },
    "3": {
        "position_m": {
            "x": -0.022626889899292593,
            "y": 0.0961527979569643,
            "z": 0.4060898763512214
        },
        "rotation_quat": {
            "x": -0.46922724693104506,
            "y": 0.5058918504801496,
            "z": 0.5245629667036267,
            "w": 0.49873131074594823
        },
        "corners_pixel": [
            [
                929.7311401367188,
                791.2891235351562
            ],
            [
                917.2871704101562,
                819.6276245117188
            ],
            [
                815.3102416992188,
                819.7891235351562
            ],
            [
                839.6311645507812,
                789.481201171875
            ]
        ]
    },
    "2": {
        "position_m": {
            "x": 0.17317386830035797,
            "y": 0.10569145922154506,
            "z": 0.3174326653882721
        },
        "rotation_quat": {
            "x": -0.46376020718965716,
            "y": 0.5061314247467525,
            "z": 0.5286513263942393,
            "w": 0.4992847145796075
        },
        "corners_pixel": [
            [
                1371.1463623046875,
                859.873046875
            ],
            [
                1433.4327392578125,
                911.616455078125
            ],
            [
                1295.3201904296875,
                911.4049682617188
            ],
            [
                1254.2913818359375,
                859.5325317382812
            ]
        ]
    },
    "7": {
        "position_m": {
            "x": 0.07758341578174499,
            "y": 0.09758706321878213,
            "z": 0.4137385098181062
        },
        "rotation_quat": {
            "x": -0.46529895439958385,
            "y": 0.5072063232456027,
            "z": 0.5266977706742391,
            "w": 0.49882671045275606
        },
        "corners_pixel": [
            [
                1109.526611328125,
                790.031982421875
            ],
            [
                1121.4344482421875,
                819.1017456054688
            ],
            [
                1019.627197265625,
                818.64990234375
            ],
            [
                1019.988037109375,
                789.5128784179688
            ]
        ]
    },
    "8": {
        "position_m": {
            "x": 0.08535647996910554,
            "y": 0.08843097507535266,
            "z": 0.5393126703834495
        },
        "rotation_quat": {
            "x": -0.4482302929645089,
            "y": 0.49336733631413204,
            "z": 0.5423754722125318,
            "w": 0.5113776716571438
        },
        "corners_pixel": [
            [
                1087.55908203125,
                736.4203491210938
            ],
            [
                1094.4273681640625,
                757.8743286132812
            ],
            [
                1018.111328125,
                756.8751831054688
            ],
            [
                1019.5986938476562,
                736.979248046875
            ]
        ]
    }
}