{
    "2": {
        "position_m": {
            "x": 0.13043117105170707,
            "y": -0.5006187203351607,
            "z": 0.8151001972043503
        },
        "rotation_quat": {
            "x": 0.010746258498444372,
            "y": 4.551414791360937e-05,
            "z": 0.0048683369518222434,
            "w": 0.999930405154314
        },
        "corners_pixel": [
            [
                1084.6556396484375,
                171.58692932128906
            ],
            [
                1129.7215576171875,
                172.1221923828125
            ],
            [
                1129.2734375,
                216.8680419921875
            ],
            [
                1084.5474853515625,
                215.8705596923828
            ]
        ]
    },
    "3": {
        "position_m": {
            "x": 0.02900262929190264,
            "y": -0.3015728180438569,
            "z": 0.8223488205465809
        },
        "rotation_quat": {
            "x": 0.0059318543138164115,
            "y": 0.00010071580895126706,
            "z": 0.005447385051627956,
            "w": 0.9999675639523637
        },
        "corners_pixel": [
            [
                993.3245239257812,
                351.066162109375
            ],
            [
                1038.43994140625,
                351.5570068359375
            ],
            [
                1037.7442626953125,
                396.4739074707031
            ],
            [
                993.0451049804688,
                395.921875
            ]
        ]
    },
    "8": {
        "position_m": {
            "x": -0.09771418532171045,
            "y": -0.4004405665105605,
            "z": 0.8164842868151553
        },
        "rotation_quat": {
            "x": 0.004291339406551187,
            "y": -0.014441200271325616,
            "z": 0.0002926008712726112,
            "w": 0.999886468818111
        },
        "corners_pixel": [
            [
                879.1260375976562,
                260.5668029785156
            ],
            [
                924.54833984375,
                261.2322998046875
            ],
            [
                924.2107543945312,
                305.8827819824219
            ],
            [
                879.264892578125,
                305.5252380371094
            ]
        ]
    },
    "5": {
        "position_m": {
            "x": -0.09816122369294869,
            "y": -0.5045271043105878,
            "z": 0.8183054463430436
        },
        "rotation_quat": {
            "x": 0.025133025902105244,
            "y": -0.003514879442735722,
            "z": -0.0019080121204067327,
            "w": 0.9996761156100787
        },
        "corners_pixel": [
            [
                879.435546875,
                169.6365203857422
            ],
            [
                924.2366333007812,
                169.44386291503906
            ],
            [
                924.446533203125,
                214.5566864013672
            ],
            [
                879.64306640625,
                214.6595916748047
            ]
        ]
    },
    "1": {
        "position_m": {
            "x": 0.13036985392698322,
            "y": -0.6001523633306604,
            "z": 0.8094006115693202
        },
        "rotation_quat": {
            "x": 0.01719571342636529,
            "y": 0.0032418916853596286,
            "z": 0.004421454576175941,
            "w": 0.9998371108923141
        },
        "corners_pixel": [
            [
                1084.673095703125,
                81.76750946044922
            ],
            [
                1129.7579345703125,
                82.42436981201172
            ],
            [
                1129.4517822265625,
                126.62796783447266
            ],
            [
                1084.6314697265625,
                125.89590454101562
            ]
        ]
    },
    "6": {
        "position_m": {
            "x": -0.09665786411337687,
            "y": -0.6035290020424929,
            "z": 0.8107769751426123
        },
        "rotation_quat": {
            "x": 0.02763108072746621,
            "y": -0.004357421697047812,
            "z": 0.002655820542043486,
            "w": 0.9996051634876817
        },
        "corners_pixel": [
            [
                880.5004272460938,
                79.57837677001953
            ],
            [
                925.550048828125,
                79.62073516845703
            ],
            [
                925.1840209960938,
                124.58148956298828
            ],
            [
                880.3395385742188,
                124.09302520751953
            ]
        ]
    },
    "7": {
        "position_m": {
            "x": 0.02810210743583418,
            "y": -0.40123647646184407,
            "z": 0.8177659752160181
        },
        "rotation_quat": {
            "x": 0.0055641996124441186,
            "y": -0.009667593189570663,
            "z": 0.001210361354523061,
            "w": 0.9999370541939054
        },
        "corners_pixel": [
            [
                992.6732788085938,
                260.2272644042969
            ],
            [
                1037.7396240234375,
                261.05084228515625
            ],
            [
                1037.54296875,
                305.5789489746094
            ],
            [
                992.6637573242188,
                305.31719970703125
            ]
        ]
    },
    "4": {
        "position_m": {
            "x": 0.1292202965759576,
            "y": -0.39921807787311697,
            "z": 0.8185837113120729
        },
        "rotation_quat": {
            "x": 0.0033735823529930796,
            "y": 0.00015563192276165128,
            "z": 0.001328497722597998,
            "w": 0.9999934148856248
        },
        "corners_pixel": [
            [
                1083.5924072265625,
                262.6285705566406
            ],
            [
                1128.6292724609375,
                263.1020812988281
            ],
            [
                1128.5328369140625,
                307.5718688964844
            ],
            [
                1083.705078125,
                307.4530029296875
            ]
        ]
    }
}