{
    "2": {
        "position_m": {
            "x": 0.13296979964704098,
            "y": -0.49505628445347244,
            "z": 0.8166612010870178
        },
        "rotation_quat": {
            "x": 0.009703648322801935,
            "y": 0.0009429182281337451,
            "z": 0.00477326569725798,
            "w": 0.9999410812888057
        },
        "corners_pixel": [
            [
                1084.6417236328125,
                171.54608154296875
            ],
            [
                1129.7012939453125,
                171.9462890625
            ],
            [
                1129.3441162109375,
                216.8511199951172
            ],
            [
                1084.494384765625,
                215.81861877441406
            ]
        ]
    },
    "3": {
        "position_m": {
            "x": 0.0316255942096706,
            "y": -0.29635304085927405,
            "z": 0.8237813384352005
        },
        "rotation_quat": {
            "x": 0.006585317580722607,
            "y": 0.0010889760664065788,
            "z": 0.0050816522004814065,
            "w": 0.9999648116480905
        },
        "corners_pixel": [
            [
                993.3204956054688,
                350.971923828125
            ],
            [
                1038.3868408203125,
                351.4356994628906
            ],
            [
                1037.8001708984375,
                396.4084167480469
            ],
            [
                992.9807739257812,
                395.9562683105469
            ]
        ]
    },
    "8": {
        "position_m": {
            "x": -0.09498503813057144,
            "y": -0.39516461228514943,
            "z": 0.8182421506366119
        },
        "rotation_quat": {
            "x": 0.0040163652225849176,
            "y": -0.012415777366298888,
            "z": 0.0010858719748012724,
            "w": 0.9999142654072116
        },
        "corners_pixel": [
            [
                879.0503540039062,
                260.51715087890625
            ],
            [
                924.5264282226562,
                261.1317138671875
            ],
            [
                924.1165161132812,
                305.916259765625
            ],
            [
                879.1586303710938,
                305.4987487792969
            ]
        ]
    },
    "5": {
        "position_m": {
            "x": -0.09532148475138975,
            "y": -0.4991971945405746,
            "z": 0.8204718759021635
        },
        "rotation_quat": {
            "x": 0.022020774304852553,
            "y": -0.0028928026184551776,
            "z": -0.0018965862535906155,
            "w": 0.9997515292074367
        },
        "corners_pixel": [
            [
                879.4775390625,
                169.53062438964844
            ],
            [
                924.2638549804688,
                169.42721557617188
            ],
            [
                924.5100708007812,
                214.393798828125
            ],
            [
                879.6283569335938,
                214.6080780029297
            ]
        ]
    },
    "1": {
        "position_m": {
            "x": 0.13304080109857566,
            "y": -0.5947981484110029,
            "z": 0.8116087224984411
        },
        "rotation_quat": {
            "x": 0.016268620354423786,
            "y": 0.002812264322293686,
            "z": 0.004501054718923621,
            "w": 0.9998535711130717
        },
        "corners_pixel": [
            [
                1084.6343994140625,
                81.67403411865234
            ],
            [
                1129.7733154296875,
                82.34588623046875
            ],
            [
                1129.4351806640625,
                126.62972259521484
            ],
            [
                1084.6422119140625,
                125.83206939697266
            ]
        ]
    },
    "6": {
        "position_m": {
            "x": -0.09382591742167043,
            "y": -0.5979505254591606,
            "z": 0.8128441146781485
        },
        "rotation_quat": {
            "x": 0.025053655400878103,
            "y": -0.0044253688136627,
            "z": 0.0028577246357017923,
            "w": 0.9996722282187415
        },
        "corners_pixel": [
            [
                880.4734497070312,
                79.416015625
            ],
            [
                925.5496215820312,
                79.60570526123047
            ],
            [
                925.1909790039062,
                124.45392608642578
            ],
            [
                880.2678833007812,
                124.0196304321289
            ]
        ]
    },
    "4": {
        "position_m": {
            "x": 0.13193616655554471,
            "y": -0.39430830669611894,
            "z": 0.8208984139588644
        },
        "rotation_quat": {
            "x": 0.003994239816400995,
            "y": 0.0022728528901675596,
            "z": 0.002238412959981417,
            "w": 0.9999869347623744
        },
        "corners_pixel": [
            [
                1083.5758056640625,
                262.5077819824219
            ],
            [
                1128.6654052734375,
                262.960693359375
            ],
            [
                1128.45263671875,
                307.5177001953125
            ],
            [
                1083.61181640625,
                307.3913879394531
            ]
        ]
    },
    "7": {
        "position_m": {
            "x": 0.030886500716362897,
            "y": -0.3966214251846862,
            "z": 0.8209701266164917
        },
        "rotation_quat": {
            "x": 0.001345643860133097,
            "y": -0.009637074346255551,
            "z": 0.0019907885996362966,
            "w": 0.9999506751842303
        },
        "corners_pixel": [
            [
                992.680419921875,
                260.2386779785156
            ],
            [
                1037.7373046875,
                261.09423828125
            ],
            [
                1037.4759521484375,
                305.5063171386719
            ],
            [
                992.6676635742188,
                305.1283264160156
            ]
        ]
    }
}