{
    "4": {
        "position_m": {
            "x": 0.15581466666666666,
            "y": 0.20022500000000001,
            "z": 0.4043906666666666
        },
        "rotation_quat": {
            "x": 0.734452188812003,
            "y": 0.001133317729412265,
            "z": -0.002899942322907152,
            "w": -0.6786532901818914
        },
        "corners_pixel": [
            [
                1252.0367431640625,
                892.72119140625
            ],
            [
                1344.43798828125,
                892.7853393554688
            ],
            [
                1398.5098876953125,
                937.3373413085938
            ],
            [
                1292.0906982421875,
                936.325439453125
            ]
        ]
    },
    "7": {
        "position_m": {
            "x": 0.05508966666666667,
            "y": 0.19990333333333332,
            "z": 0.40588833333333335
        },
        "rotation_quat": {
            "x": 0.7338262140023363,
            "y": 0.0035332973657083776,
            "z": -0.0013333221997287364,
            "w": -0.6793267444349843
        },
        "corners_pixel": [
            [
                1064.3701171875,
                890.5033569335938
            ],
            [
                1156.73583984375,
                891.099853515625
            ],
            [
                1184.3863525390625,
                934.739501953125
            ],
            [
                1078.91162109375,
                934.2837524414062
            ]
        ]
    },
    "3": {
        "position_m": {
            "x": 0.056303,
            "y": 0.19239333333333333,
            "z": 0.30464033333333335
        },
        "rotation_quat": {
            "x": 0.7311318365989626,
            "y": 0.0019666612029703478,
            "z": -0.0013999928704585662,
            "w": -0.6822319325384174
        },
        "corners_pixel": [
            [
                1101.2640380859375,
                995.1731567382812
            ],
            [
                1224.3819580078125,
                995.250244140625
            ],
            [
                1276.06591796875,
                1078.5517578125
            ],
            [
                1128.556396484375,
                1077.5048828125
            ]
        ]
    },
    "2": {
        "position_m": {
            "x": 0.15689133333333333,
            "y": 0.20808933333333335,
            "z": 0.507238
        },
        "rotation_quat": {
            "x": 0.7262528331034186,
            "y": -0.0033667818554855363,
            "z": -0.0011333519911749495,
            "w": -0.6874185062263447
        },
        "corners_pixel": [
            [
                1194.42529296875,
                828.7653198242188
            ],
            [
                1269.1522216796875,
                828.72998046875
            ],
            [
                1301.7069091796875,
                857.2418823242188
            ],
            [
                1219.8272705078125,
                856.5787963867188
            ]
        ]
    },
    "8": {
        "position_m": {
            "x": -0.07040999999999999,
            "y": 0.20013433333333333,
            "z": 0.40572633333333324
        },
        "rotation_quat": {
            "x": 0.732600462132844,
            "y": 0.004833335097889109,
            "z": -0.00329999815825879,
            "w": -0.6806337574398807
        },
        "corners_pixel": [
            [
                832.13134765625,
                890.6189575195312
            ],
            [
                924.5630493164062,
                892.4961547851562
            ],
            [
                919.6179809570312,
                936.0200805664062
            ],
            [
                813.9910278320312,
                935.67138671875
            ]
        ]
    },
    "5": {
        "position_m": {
            "x": -0.07141033333333334,
            "y": 0.2083816666666667,
            "z": 0.5087119999999999
        },
        "rotation_quat": {
            "x": 0.7330971315337854,
            "y": 0.004933088250309293,
            "z": 0.002933184560500451,
            "w": -0.6800997403363598
        },
        "corners_pixel": [
            [
                857.234619140625,
                828.19140625
            ],
            [
                930.3333129882812,
                828.0
            ],
            [
                928.4188842773438,
                855.421875
            ],
            [
                846.25146484375,
                855.6376953125
            ]
        ]
    },
    "6": {
        "position_m": {
            "x": -0.07153033333333332,
            "y": 0.21540700000000002,
            "z": 0.615952
        },
        "rotation_quat": {
            "x": 0.7151246255957754,
            "y": 0.0014999873225088301,
            "z": 0.0023332996416583233,
            "w": -0.6989914703466104
        },
        "corners_pixel": [
            [
                875.4581909179688,
                783.6671752929688
            ],
            [
                935.6121215820312,
                782.4788208007812
            ],
            [
                934.66064453125,
                805.0801391601562
            ],
            [
                867.4591674804688,
                804.7391967773438
            ]
        ]
    }
}