{
    "4": {
        "position_m": {
            "x": 0.155752,
            "y": 0.20018033333333332,
            "z": 0.40429066666666663
        },
        "rotation_quat": {
            "x": 0.7344049589342846,
            "y": 0.0006666721018545651,
            "z": -0.0030000200565985955,
            "w": -0.6787045835418383
        },
        "corners_pixel": [
            [
                1252.0657958984375,
                892.7630004882812
            ],
            [
                1344.425048828125,
                892.94970703125
            ],
            [
                1398.5411376953125,
                937.4384765625
            ],
            [
                1291.8642578125,
                936.2488403320312
            ]
        ]
    },
    "3": {
        "position_m": {
            "x": 0.05629533333333333,
            "y": 0.192397,
            "z": 0.30463666666666667
        },
        "rotation_quat": {
            "x": 0.7311974316501066,
            "y": 0.0017667415004500302,
            "z": -0.0014667288773144644,
            "w": -0.6821620359409916
        },
        "corners_pixel": [
            [
                1101.2763671875,
                995.2228393554688
            ],
            [
                1224.4344482421875,
                995.33740234375
            ],
            [
                1275.8931884765625,
                1078.4805908203125
            ],
            [
                1128.4013671875,
                1077.3453369140625
            ]
        ]
    },
    "7": {
        "position_m": {
            "x": 0.05509633333333333,
            "y": 0.19992699999999997,
            "z": 0.40593266666666666
        },
        "rotation_quat": {
            "x": 0.7338425917343269,
            "y": 0.00360004541625621,
            "z": -0.001400019917210254,
            "w": -0.6793085677171152
        },
        "corners_pixel": [
            [
                1064.4088134765625,
                890.4963989257812
            ],
            [
                1156.73388671875,
                891.0864868164062
            ],
            [
                1184.3558349609375,
                934.7372436523438
            ],
            [
                1079.00048828125,
                934.1709594726562
            ]
        ]
    },
    "8": {
        "position_m": {
            "x": -0.07042533333333334,
            "y": 0.200138,
            "z": 0.40575866666666666
        },
        "rotation_quat": {
            "x": 0.7325682314452303,
            "y": 0.00483334434760581,
            "z": -0.0033666778166830335,
            "w": -0.6806681207020815
        },
        "corners_pixel": [
            [
                832.1432495117188,
                890.5696411132812
            ],
            [
                924.5076293945312,
                892.521240234375
            ],
            [
                919.625,
                936.0006713867188
            ],
            [
                813.9746704101562,
                935.6616821289062
            ]
        ]
    },
    "1": {
        "position_m": {
            "x": 0.15516066666666667,
            "y": 0.21276066666666668,
            "z": 0.604642
        },
        "rotation_quat": {
            "x": 0.7364038725594934,
            "y": -0.005766442885964707,
            "z": -0.026298928040209866,
            "w": -0.6760062507105685
        },
        "corners_pixel": [
            [
                1156.0382080078125,
                782.7980346679688
            ],
            [
                1217.0,
                788.0
            ],
            [
                1239.1363525390625,
                805.51171875
            ],
            [
                1168.4864501953125,
                803.08349609375
            ]
        ]
    },
    "5": {
        "position_m": {
            "x": -0.07132433333333332,
            "y": 0.208114,
            "z": 0.5081763333333333
        },
        "rotation_quat": {
            "x": 0.7329076589950054,
            "y": 0.004333374863117762,
            "z": 0.0031333664024914515,
            "w": -0.6803071124600596
        },
        "corners_pixel": [
            [
                857.2526245117188,
                828.1996459960938
            ],
            [
                931.0,
                828.3333129882812
            ],
            [
                928.4902954101562,
                855.302978515625
            ],
            [
                846.3043823242188,
                855.712646484375
            ]
        ]
    },
    "6": {
        "position_m": {
            "x": -0.07166666666666667,
            "y": 0.21544166666666664,
            "z": 0.6162316666666667
        },
        "rotation_quat": {
            "x": 0.7145126249185022,
            "y": 0.0018333657228111302,
            "z": 0.0033000582263881194,
            "w": -0.6996123621105483
        },
        "corners_pixel": [
            [
                875.464111328125,
                783.6318969726562
            ],
            [
                935.4011840820312,
                782.5537719726562
            ],
            [
                934.64111328125,
                805.02001953125
            ],
            [
                867.423828125,
                804.6718139648438
            ]
        ]
    }
}