{
    "3": {
        "position_m": {
            "x": 0.174648,
            "y": 0.13995566666666667,
            "z": 0.3583163333333333
        },
        "rotation_quat": {
            "x": 0.5195066081301671,
            "y": 0.5102064959521668,
            "z": 0.4815727957952628,
            "w": -0.4877395390443907
        },
        "corners_pixel": [
            [
                1326.0428466796875,
                814.2744140625
            ],
            [
                1283.3780517578125,
                784.5665893554688
            ],
            [
                1374.8880615234375,
                784.984130859375
            ],
            [
                1429.6519775390625,
                814.536376953125
            ]
        ]
    },
    "8": {
        "position_m": {
            "x": 0.073976,
            "y": 0.128478,
            "z": 0.22959566666666667
        },
        "rotation_quat": {
            "x": 0.519833497490498,
            "y": 0.5216334992608083,
            "z": 0.4742334816650752,
            "w": -0.48246681979545625
        },
        "corners_pixel": [
            [
                1204.1751708984375,
                938.23828125
            ],
            [
                1162.6259765625,
                877.2334594726562
            ],
            [
                1294.71435546875,
                877.4207153320312
            ],
            [
                1365.209228515625,
                941.6005249023438
            ]
        ]
    },
    "6": {
        "position_m": {
            "x": -0.12666966666666668,
            "y": 0.128394,
            "z": 0.23100633333333334
        },
        "rotation_quat": {
            "x": 0.5194006021811588,
            "y": 0.516267265457593,
            "z": 0.4798338881358598,
            "w": -0.48316722246776217
        },
        "corners_pixel": [
            [
                562.660888671875,
                936.3046875
            ],
            [
                635.0800170898438,
                872.5386352539062
            ],
            [
                766.266357421875,
                873.5281372070312
            ],
            [
                721.7534790039062,
                936.3396606445312
            ]
        ]
    },
    "5": {
        "position_m": {
            "x": -0.026377,
            "y": 0.12822433333333336,
            "z": 0.22971633333333333
        },
        "rotation_quat": {
            "x": 0.5158369595494048,
            "y": 0.5205369925239239,
            "z": 0.4806367128421183,
            "w": -0.4816033854171881
        },
        "corners_pixel": [
            [
                882.056884765625,
                937.8466186523438
            ],
            [
                896.7247924804688,
                874.0524291992188
            ],
            [
                1028.42724609375,
                874.8792114257812
            ],
            [
                1042.507568359375,
                938.226318359375
            ]
        ]
    },
    "7": {
        "position_m": {
            "x": 0.073988,
            "y": 0.13864366666666667,
            "z": 0.35692900000000005
        },
        "rotation_quat": {
            "x": 0.5204436050795688,
            "y": 0.5163768075681274,
            "z": 0.4786761249949214,
            "w": -0.48307619885208314
        },
        "corners_pixel": [
            [
                1119.4920654296875,
                812.5805053710938
            ],
            [
                1101.478759765625,
                784.5060424804688
            ],
            [
                1192.0,
                785.0
            ],
            [
                1222.9459228515625,
                813.1044311523438
            ]
        ]
    },
    "4": {
        "position_m": {
            "x": 0.07731166666666667,
            "y": 0.14763133333333334,
            "z": 0.4632826666666667
        },
        "rotation_quat": {
            "x": 0.504000784275317,
            "y": 0.5121007927450874,
            "z": 0.491900758910666,
            "w": -0.49170075340884845
        },
        "corners_pixel": [
            [
                1089.1602783203125,
                761.5270385742188
            ],
            [
                1077.85986328125,
                740.4974975585938
            ],
            [
                1148.1593017578125,
                741.452880859375
            ],
            [
                1169.5927734375,
                761.3842163085938
            ]
        ]
    }
}