{
    "3": {
        "position_m": {
            "x": 0.174584,
            "y": 0.13990966666666665,
            "z": 0.35825733333333326
        },
        "rotation_quat": {
            "x": 0.5196698721903577,
            "y": 0.5102031402975822,
            "z": 0.48136963409585976,
            "w": -0.4877696740661117
        },
        "corners_pixel": [
            [
                1325.8402099609375,
                814.1196899414062
            ],
            [
                1283.2767333984375,
                784.5103149414062
            ],
            [
                1374.1585693359375,
                784.78662109375
            ],
            [
                1429.6124267578125,
                814.5100708007812
            ]
        ]
    },
    "6": {
        "position_m": {
            "x": -0.12667533333333333,
            "y": 0.12836633333333333,
            "z": 0.23101033333333335
        },
        "rotation_quat": {
            "x": 0.5194005408571676,
            "y": 0.5162672060799863,
            "z": 0.47980049993570106,
            "w": -0.48320050739325315
        },
        "corners_pixel": [
            [
                562.6619262695312,
                936.2283325195312
            ],
            [
                635.2413940429688,
                872.3905639648438
            ],
            [
                766.2177734375,
                873.4470825195312
            ],
            [
                721.8517456054688,
                936.146728515625
            ]
        ]
    },
    "8": {
        "position_m": {
            "x": 0.07394433333333333,
            "y": 0.12844599999999998,
            "z": 0.22956066666666666
        },
        "rotation_quat": {
            "x": 0.5198991150018737,
            "y": 0.5215991117638555,
            "z": 0.4741325262258025,
            "w": -0.48253251123853225
        },
        "corners_pixel": [
            [
                1204.224609375,
                938.2111206054688
            ],
            [
                1162.5262451171875,
                877.1489868164062
            ],
            [
                1294.943359375,
                877.4032592773438
            ],
            [
                1365.1497802734375,
                941.5388793945312
            ]
        ]
    },
    "5": {
        "position_m": {
            "x": -0.026383,
            "y": 0.12819899999999998,
            "z": 0.22970100000000002
        },
        "rotation_quat": {
            "x": 0.5158369756033963,
            "y": 0.5205370089798714,
            "z": 0.4806700606812596,
            "w": -0.4815700672252217
        },
        "corners_pixel": [
            [
                882.0846557617188,
                937.814208984375
            ],
            [
                896.7644653320312,
                873.958740234375
            ],
            [
                1028.38037109375,
                874.8146362304688
            ],
            [
                1042.4625244140625,
                938.2483520507812
            ]
        ]
    },
    "7": {
        "position_m": {
            "x": 0.073844,
            "y": 0.13850133333333334,
            "z": 0.3565133333333333
        },
        "rotation_quat": {
            "x": 0.5213095710923555,
            "y": 0.514942760439287,
            "z": 0.4788754461407964,
            "w": -0.4834755336541082
        },
        "corners_pixel": [
            [
                1119.5120849609375,
                812.5377807617188
            ],
            [
                1101.4727783203125,
                784.4868774414062
            ],
            [
                1193.6549072265625,
                783.4082641601562
            ],
            [
                1222.9493408203125,
                813.1415405273438
            ]
        ]
    },
    "4": {
        "position_m": {
            "x": 0.07724966666666666,
            "y": 0.14754866666666666,
            "z": 0.4630986666666666
        },
        "rotation_quat": {
            "x": 0.5040929188629172,
            "y": 0.5119928113699972,
            "z": 0.4917597597659566,
            "w": -0.4918597655151717
        },
        "corners_pixel": [
            [
                1089.10009765625,
                761.4736328125
            ],
            [
                1077.7646484375,
                740.3540649414062
            ],
            [
                1148.2730712890625,
                741.346923828125
            ],
            [
                1169.6051025390625,
                761.4236450195312
            ]
        ]
    }
}