{
    "1": {
        "position_m": {
            "x": 0.24848100000000004,
            "y": 0.152172,
            "z": 0.3325906666666667
        },
        "rotation_quat": {
            "x": 0.5206044445546735,
            "y": -0.5164044060507769,
            "z": -0.48363746037961813,
            "w": -0.4779040789100018
        },
        "corners_pixel": [
            [
                1606.27734375,
                861.1689453125
            ],
            [
                1708.5531005859375,
                912.930908203125
            ],
            [
                1570.4215087890625,
                911.8346557617188
            ],
            [
                1489.29052734375,
                859.1975708007812
            ]
        ]
    },
    "2": {
        "position_m": {
            "x": 0.147668,
            "y": 0.15136533333333335,
            "z": 0.33155666666666667
        },
        "rotation_quat": {
            "x": 0.5219303246985396,
            "y": -0.5172636847009342,
            "z": -0.4795972354009158,
            "w": -0.47959723565246715
        },
        "corners_pixel": [
            [
                1371.0968017578125,
                859.9552612304688
            ],
            [
                1433.4578857421875,
                911.6826171875
            ],
            [
                1295.4256591796875,
                911.521728515625
            ],
            [
                1254.2540283203125,
                859.556640625
            ]
        ]
    },
    "3": {
        "position_m": {
            "x": -0.052621,
            "y": 0.15871366666666667,
            "z": 0.43137866666666663
        },
        "rotation_quat": {
            "x": 0.5203336719421273,
            "y": -0.520767028839955,
            "z": -0.47953364083546723,
            "w": -0.4776003128385795
        },
        "corners_pixel": [
            [
                929.6860961914062,
                791.28173828125
            ],
            [
                917.2804565429688,
                819.5808715820312
            ],
            [
                815.2605590820312,
                819.8650512695312
            ],
            [
                839.8245239257812,
                790.7244262695312
            ]
        ]
    },
    "4": {
        "position_m": {
            "x": 0.04639266666666667,
            "y": 0.15069,
            "z": 0.33139466666666667
        },
        "rotation_quat": {
            "x": 0.5241822025457253,
            "y": -0.5148825182960592,
            "z": -0.4797837099989301,
            "w": -0.4795170513204753
        },
        "corners_pixel": [
            [
                1133.6278076171875,
                858.833251953125
            ],
            [
                1154.2742919921875,
                909.7835083007812
            ],
            [
                1015.994140625,
                909.6609497070312
            ],
            [
                1016.288330078125,
                857.5623168945312
            ]
        ]
    },
    "7": {
        "position_m": {
            "x": 0.047274666666666666,
            "y": 0.15864133333333333,
            "z": 0.4327716666666667
        },
        "rotation_quat": {
            "x": 0.5219373282091886,
            "y": -0.5164706204954184,
            "z": -0.4805036792398863,
            "w": -0.4795370036022914
        },
        "corners_pixel": [
            [
                1109.8785400390625,
                790.2146606445312
            ],
            [
                1121.39111328125,
                819.0792846679688
            ],
            [
                1019.6035766601562,
                818.6536254882812
            ],
            [
                1019.906982421875,
                789.4280395507812
            ]
        ]
    },
    "8": {
        "position_m": {
            "x": 0.045954666666666664,
            "y": 0.16876900000000003,
            "z": 0.5653786666666667
        },
        "rotation_quat": {
            "x": 0.5062006731353893,
            "y": -0.5046673375272004,
            "z": -0.4967339760864587,
            "w": -0.49226731960574344
        },
        "corners_pixel": [
            [
                1087.5794677734375,
                736.4417114257812
            ],
            [
                1094.44921875,
                757.8057250976562
            ],
            [
                1018.015380859375,
                756.8408203125
            ],
            [
                1019.4503784179688,
                737.0460815429688
            ]
        ]
    }
}