{
    "4": {
        "position_m": {
            "x": 0.04639933333333334,
            "y": 0.15067166666666665,
            "z": 0.3313933333333334
        },
        "rotation_quat": {
            "x": 0.5241434712875602,
            "y": -0.5148432930138296,
            "z": -0.4797092795407748,
            "w": -0.4796759450585086
        },
        "corners_pixel": [
            [
                1133.7325439453125,
                858.84814453125
            ],
            [
                1154.4046630859375,
                909.9714965820312
            ],
            [
                1016.021484375,
                909.6376342773438
            ],
            [
                1016.3207397460938,
                857.591552734375
            ]
        ]
    },
    "1": {
        "position_m": {
            "x": 0.24844366666666665,
            "y": 0.152114,
            "z": 0.33251833333333336
        },
        "rotation_quat": {
            "x": 0.5206934518287665,
            "y": -0.5164268384289097,
            "z": -0.4835605870728041,
            "w": -0.47786065793573146
        },
        "corners_pixel": [
            [
                1605.9256591796875,
                860.9566040039062
            ],
            [
                1708.8297119140625,
                912.8557739257812
            ],
            [
                1570.4697265625,
                911.7034301757812
            ],
            [
                1489.2490234375,
                859.1535034179688
            ]
        ]
    },
    "3": {
        "position_m": {
            "x": -0.052656666666666664,
            "y": 0.158689,
            "z": 0.431524
        },
        "rotation_quat": {
            "x": 0.5206020255608981,
            "y": -0.5192354033133751,
            "z": -0.4805684983140903,
            "w": -0.47793518949333147
        },
        "corners_pixel": [
            [
                929.7311401367188,
                791.2891235351562
            ],
            [
                917.2871704101562,
                819.6276245117188
            ],
            [
                815.3102416992188,
                819.7891235351562
            ],
            [
                839.6311645507812,
                789.481201171875
            ]
        ]
    },
    "2": {
        "position_m": {
            "x": 0.14769266666666667,
            "y": 0.15134766666666666,
            "z": 0.33158933333333335
        },
        "rotation_quat": {
            "x": 0.5218222169647745,
            "y": -0.5173556475915349,
            "z": -0.4795231179744625,
            "w": -0.47968978216672586
        },
        "corners_pixel": [
            [
                1371.1463623046875,
                859.873046875
            ],
            [
                1433.4327392578125,
                911.616455078125
            ],
            [
                1295.3201904296875,
                911.4049682617188
            ],
            [
                1254.2913818359375,
                859.5325317382812
            ]
        ]
    },
    "7": {
        "position_m": {
            "x": 0.04730733333333333,
            "y": 0.15866033333333335,
            "z": 0.43285799999999997
        },
        "rotation_quat": {
            "x": 0.5217870767053617,
            "y": -0.516620531822906,
            "z": -0.48042142267622584,
            "w": -0.47962144376168375
        },
        "corners_pixel": [
            [
                1109.526611328125,
                790.031982421875
            ],
            [
                1121.4344482421875,
                819.1017456054688
            ],
            [
                1019.627197265625,
                818.64990234375
            ],
            [
                1019.988037109375,
                789.5128784179688
            ]
        ]
    },
    "8": {
        "position_m": {
            "x": 0.04594566666666666,
            "y": 0.16857266666666668,
            "z": 0.5649903333333334
        },
        "rotation_quat": {
            "x": 0.5065516119906642,
            "y": -0.5059515775612216,
            "z": -0.4948178578512397,
            "w": -0.49251776932866176
        },
        "corners_pixel": [
            [
                1087.55908203125,
                736.4203491210938
            ],
            [
                1094.4273681640625,
                757.8743286132812
            ],
            [
                1018.111328125,
                756.8751831054688
            ],
            [
                1019.5986938476562,
                736.979248046875
            ]
        ]
    }
}