{
    "2": {
        "position_m": {
            "x": 0.13317466666666666,
            "y": -0.4219186666666667,
            "z": 0.8135526666666667
        },
        "rotation_quat": {
            "x": 0.010633436493313844,
            "y": 0.006266731146233404,
            "z": -0.005266717646428996,
            "w": -0.9999099558431832
        },
        "corners_pixel": [
            [
                1084.6556396484375,
                171.58692932128906
            ],
            [
                1129.7215576171875,
                172.1221923828125
            ],
            [
                1129.2734375,
                216.8680419921875
            ],
            [
                1084.5474853515625,
                215.8705596923828
            ]
        ]
    },
    "3": {
        "position_m": {
            "x": 0.03189033333333333,
            "y": -0.22312933333333332,
            "z": 0.8156496666666667
        },
        "rotation_quat": {
            "x": 0.0037332537447667467,
            "y": -0.0004999895229411551,
            "z": 0.005333219672965873,
            "w": 0.9999786845702632
        },
        "corners_pixel": [
            [
                993.3245239257812,
                351.066162109375
            ],
            [
                1038.43994140625,
                351.5570068359375
            ],
            [
                1037.7442626953125,
                396.4739074707031
            ],
            [
                993.0451049804688,
                395.921875
            ]
        ]
    },
    "8": {
        "position_m": {
            "x": -0.09485266666666665,
            "y": -0.32233333333333336,
            "z": 0.8119723333333333
        },
        "rotation_quat": {
            "x": -0.0038999453974516694,
            "y": 0.015066830282778674,
            "z": -0.0007000094600750923,
            "w": -0.9998786381545927
        },
        "corners_pixel": [
            [
                879.1260375976562,
                260.5668029785156
            ],
            [
                924.54833984375,
                261.2322998046875
            ],
            [
                924.2107543945312,
                305.8827819824219
            ],
            [
                879.264892578125,
                305.5252380371094
            ]
        ]
    },
    "5": {
        "position_m": {
            "x": -0.095136,
            "y": -0.425495,
            "z": 0.8164606666666666
        },
        "rotation_quat": {
            "x": 0.004633268805433755,
            "y": -0.0010333210642705605,
            "z": -0.0020999729670271696,
            "w": 0.999986527499892
        },
        "corners_pixel": [
            [
                879.435546875,
                169.6365203857422
            ],
            [
                924.2366333007812,
                169.44386291503906
            ],
            [
                924.446533203125,
                214.5566864013672
            ],
            [
                879.64306640625,
                214.6595916748047
            ]
        ]
    },
    "1": {
        "position_m": {
            "x": 0.13330166666666665,
            "y": -0.5218156666666667,
            "z": 0.814008
        },
        "rotation_quat": {
            "x": 0.014832878121921255,
            "y": 0.004133203953535233,
            "z": -0.0048665189566476485,
            "w": -0.9998696011705444
        },
        "corners_pixel": [
            [
                1084.673095703125,
                81.76750946044922
            ],
            [
                1129.7579345703125,
                82.42436981201172
            ],
            [
                1129.4517822265625,
                126.62796783447266
            ],
            [
                1084.6314697265625,
                125.89590454101562
            ]
        ]
    },
    "6": {
        "position_m": {
            "x": -0.09370966666666665,
            "y": -0.5248176666666667,
            "z": 0.8146996666666667
        },
        "rotation_quat": {
            "x": 0.004066619032978332,
            "y": 0.0007999894528801223,
            "z": -0.00236663982941514,
            "w": -0.9999886107563596
        },
        "corners_pixel": [
            [
                880.5004272460938,
                79.57837677001953
            ],
            [
                925.550048828125,
                79.62073516845703
            ],
            [
                925.1840209960938,
                124.58148956298828
            ],
            [
                880.3395385742188,
                124.09302520751953
            ]
        ]
    },
    "7": {
        "position_m": {
            "x": 0.031083333333333334,
            "y": -0.3232793333333333,
            "z": 0.8138816666666667
        },
        "rotation_quat": {
            "x": 0.0071667120553269344,
            "y": 0.011433416268301657,
            "z": -0.0018000147177246516,
            "w": -0.9999073332953246
        },
        "corners_pixel": [
            [
                992.6732788085938,
                260.2272644042969
            ],
            [
                1037.7396240234375,
                261.05084228515625
            ],
            [
                1037.54296875,
                305.5789489746094
            ],
            [
                992.6637573242188,
                305.31719970703125
            ]
        ]
    },
    "4": {
        "position_m": {
            "x": 0.132115,
            "y": -0.32097466666666663,
            "z": 0.8143686666666666
        },
        "rotation_quat": {
            "x": 0.008232999155302534,
            "y": 0.002666560170891951,
            "z": -0.0023665701367323127,
            "w": -0.9999597524538432
        },
        "corners_pixel": [
            [
                1083.5924072265625,
                262.6285705566406
            ],
            [
                1128.6292724609375,
                263.1020812988281
            ],
            [
                1128.5328369140625,
                307.5718688964844
            ],
            [
                1083.705078125,
                307.4530029296875
            ]
        ]
    }
}