{
    "2": {
        "position_m": {
            "x": 0.13313300000000003,
            "y": -0.42190666666666665,
            "z": 0.8134503333333334
        },
        "rotation_quat": {
            "x": 0.010333461722780966,
            "y": 0.006133421470173531,
            "z": -0.004833403488243976,
            "w": -0.999916115942039
        },
        "corners_pixel": [
            [
                1084.6417236328125,
                171.54608154296875
            ],
            [
                1129.7012939453125,
                171.9462890625
            ],
            [
                1129.3441162109375,
                216.8511199951172
            ],
            [
                1084.494384765625,
                215.81861877441406
            ]
        ]
    },
    "3": {
        "position_m": {
            "x": 0.031844000000000004,
            "y": -0.22311033333333333,
            "z": 0.8155006666666668
        },
        "rotation_quat": {
            "x": 0.002199966781316304,
            "y": -0.00016666522773889025,
            "z": 0.005066589015785707,
            "w": 0.9999847309057314
        },
        "corners_pixel": [
            [
                993.3204956054688,
                350.971923828125
            ],
            [
                1038.3868408203125,
                351.4356994628906
            ],
            [
                1037.8001708984375,
                396.4084167480469
            ],
            [
                992.9807739257812,
                395.9562683105469
            ]
        ]
    },
    "8": {
        "position_m": {
            "x": -0.09485833333333334,
            "y": -0.3223683333333333,
            "z": 0.8119576666666667
        },
        "rotation_quat": {
            "x": -0.000533193414052568,
            "y": 0.013733830267758054,
            "z": -0.0011000384706469568,
            "w": -0.9999049392448878
        },
        "corners_pixel": [
            [
                879.0503540039062,
                260.51715087890625
            ],
            [
                924.5264282226562,
                261.1317138671875
            ],
            [
                924.1165161132812,
                305.916259765625
            ],
            [
                879.1586303710938,
                305.4987487792969
            ]
        ]
    },
    "5": {
        "position_m": {
            "x": -0.09507566666666667,
            "y": -0.42516533333333334,
            "z": 0.815789
        },
        "rotation_quat": {
            "x": 0.0034666343489549653,
            "y": -0.0005999935408848875,
            "z": -0.001966650762831886,
            "w": 0.9999918773364201
        },
        "corners_pixel": [
            [
                879.4775390625,
                169.53062438964844
            ],
            [
                924.2638549804688,
                169.42721557617188
            ],
            [
                924.5100708007812,
                214.393798828125
            ],
            [
                879.6283569335938,
                214.6080780029297
            ]
        ]
    },
    "1": {
        "position_m": {
            "x": 0.13328766666666667,
            "y": -0.5218603333333334,
            "z": 0.8140276666666667
        },
        "rotation_quat": {
            "x": 0.014799548983696207,
            "y": 0.004166538133057212,
            "z": -0.004933183859601272,
            "w": -0.9998696300052686
        },
        "corners_pixel": [
            [
                1084.6343994140625,
                81.67403411865234
            ],
            [
                1129.7733154296875,
                82.34588623046875
            ],
            [
                1129.4351806640625,
                126.62972259521484
            ],
            [
                1084.6422119140625,
                125.83206939697266
            ]
        ]
    },
    "6": {
        "position_m": {
            "x": -0.09374433333333333,
            "y": -0.525023,
            "z": 0.8149346666666667
        },
        "rotation_quat": {
            "x": 0.0034999676152285214,
            "y": 0.0008999914149008231,
            "z": -0.0023333117045236506,
            "w": -0.9999907479065167
        },
        "corners_pixel": [
            [
                880.4734497070312,
                79.416015625
            ],
            [
                925.5496215820312,
                79.60570526123047
            ],
            [
                925.1909790039062,
                124.45392608642578
            ],
            [
                880.2678833007812,
                124.0196304321289
            ]
        ]
    },
    "4": {
        "position_m": {
            "x": 0.132134,
            "y": -0.3210806666666667,
            "z": 0.8144809999999999
        },
        "rotation_quat": {
            "x": 0.0074997206269749785,
            "y": 0.003233221751914192,
            "z": -0.0022332492518215923,
            "w": -0.9999641558902994
        },
        "corners_pixel": [
            [
                1083.5758056640625,
                262.5077819824219
            ],
            [
                1128.6654052734375,
                262.960693359375
            ],
            [
                1128.45263671875,
                307.5177001953125
            ],
            [
                1083.61181640625,
                307.3913879394531
            ]
        ]
    },
    "7": {
        "position_m": {
            "x": 0.031056666666666666,
            "y": -0.32328566666666664,
            "z": 0.8137840000000001
        },
        "rotation_quat": {
            "x": 0.008566523063608814,
            "y": 0.012433127038219386,
            "z": -0.0018666365386664913,
            "w": -0.9998842671542967
        },
        "corners_pixel": [
            [
                992.680419921875,
                260.2386779785156
            ],
            [
                1037.7373046875,
                261.09423828125
            ],
            [
                1037.4759521484375,
                305.5063171386719
            ],
            [
                992.6676635742188,
                305.1283264160156
            ]
        ]
    }
}